local_votacao;codigo_local;distrito_ou_bairro;secao;eleitores_aptos;fonte_local
ESCOLA ESTADUAL BARÃO DO RIO BRANCO;1015;SEDE DO MUNICÍPIO;0001;;lista histórica de locais de votação
ESCOLA ESTADUAL BARÃO DO RIO BRANCO;1015;SEDE DO MUNICÍPIO;0002;;lista histórica de locais de votação
ESCOLA ESTADUAL BARÃO DO RIO BRANCO;1015;SEDE DO MUNICÍPIO;0003;;lista histórica de locais de votação
ESCOLA ESTADUAL BARÃO DO RIO BRANCO;1015;SEDE DO MUNICÍPIO;0004;;lista histórica de locais de votação
ESCOLA ESTADUAL BARÃO DO RIO BRANCO;1015;SEDE DO MUNICÍPIO;0005;;lista histórica de locais de votação
ESCOLA ESTADUAL BARÃO DO RIO BRANCO;1015;SEDE DO MUNICÍPIO;0006;;lista histórica de locais de votação
ESCOLA ESTADUAL BARÃO DO RIO BRANCO;1015;SEDE DO MUNICÍPIO;0007;;lista histórica de locais de votação
ESCOLA ESTADUAL BARÃO DO RIO BRANCO;1015;SEDE DO MUNICÍPIO;0008;;lista histórica de locais de votação
ESCOLA ESTADUAL BARÃO DO RIO BRANCO;1015;SEDE DO MUNICÍPIO;0055;;lista histórica de locais de votação
ESCOLA ESTADUAL BARÃO DO RIO BRANCO;1015;SEDE DO MUNICÍPIO;0062;;lista histórica de locais de votação
ESCOLA ESTADUAL BARÃO DO RIO BRANCO;1015;SEDE DO MUNICÍPIO;0106;;lista histórica de locais de votação
ESCOLA ESTADUAL DE ÁGUAS ALTAS;1066;ÁGUAS ALTAS;0009;;lista histórica de locais de votação
ESCOLA ESTADUAL DE ÁGUAS ALTAS;1066;ÁGUAS ALTAS;0010;;lista histórica de locais de votação
ESCOLA ESTADUAL DE ÁGUAS ALTAS;1066;ÁGUAS ALTAS;0011;;lista histórica de locais de votação
ESCOLA ESTADUAL DE ÁGUAS ALTAS;1066;ÁGUAS ALTAS;0065;;lista histórica de locais de votação
ESCOLA ESTADUAL DE ÁGUAS ALTAS;1066;ÁGUAS ALTAS;0133;;lista histórica de locais de votação
ESCOLA ESTADUAL DE ÁGUAS ALTAS;1066;ÁGUAS ALTAS;0142;;lista histórica de locais de votação
ESCOLA MUNICIPAL VENCESLAU LEAL;1040;CATERIONGONGO;0012;;lista histórica de locais de votação
ESCOLA MUNICIPAL VENCESLAU LEAL;1040;CATERIONGONGO;0177;;lista histórica de locais de votação
CÂMARA MUNICIPAL;1031;SEDE DO MUNICÍPIO;0053;;lista histórica de locais de votação
CÂMARA MUNICIPAL;1031;SEDE DO MUNICÍPIO;0136;;lista histórica de locais de votação
ESCOLA MUNICIPAL HERMÍNIA BRITO;1090;TANCREDO NEVES;0060;;lista histórica de locais de votação
ESCOLA MUNICIPAL HERMÍNIA BRITO;1090;TANCREDO NEVES;0123;;lista histórica de locais de votação
ESCOLA MUNICIPAL HERMÍNIA BRITO;1090;TANCREDO NEVES;0173;;lista histórica de locais de votação
ESCOLA MUNICIPAL CASTELO BRANCO;1104;MARCELA;0063;;lista histórica de locais de votação
ESCOLA MUNICIPAL CASTELO BRANCO;1104;MARCELA;0141;;lista histórica de locais de votação
ESCOLA MUNICIPAL VITAL BRAZIL;1082;SEDE DO MUNICÍPIO;0119;;lista histórica de locais de votação
ESCOLA MUNICIPAL VITAL BRAZIL;1082;SEDE DO MUNICÍPIO;0126;;lista histórica de locais de votação
LOCAL DE VOTAÇÃO — CÓDIGO 1112;1112;LOCAL 1112 (A CONFIRMAR);0152;;local identificado no BU (nome a confirmar)
LOCAL DE VOTAÇÃO — CÓDIGO 1112;1112;LOCAL 1112 (A CONFIRMAR);0172;;local identificado no BU (nome a confirmar)
