"local_votacao";"distrito_ou_bairro";"secao";"eleitores_aptos";"acessibilidade"
"ESCOLA ESTADUAL CORONEL JOSE VENANCIO";"CENTRO";"0070";"389";"Não"
"ESCOLA ESTADUAL CORONEL JOSE VENANCIO";"CENTRO";"0071";"390";"Não"
"ESCOLA ESTADUAL CORONEL JOSE VENANCIO";"CENTRO";"0072";"389";"Não"
"ESCOLA ESTADUAL CORONEL JOSE VENANCIO";"CENTRO";"0073";"392";"Não"
"ESCOLA ESTADUAL CORONEL JOSE VENANCIO";"CENTRO";"0074";"393";"Não"
"ESCOLA ESTADUAL CORONEL JOSE VENANCIO";"CENTRO";"0075";"383";"Não"
"ESCOLA ESTADUAL CORONEL JOSE VENANCIO";"CENTRO";"0076";"389";"Não"
"ESCOLA ESTADUAL CORONEL JOSE VENANCIO";"CENTRO";"0077";"382";"Não"
"ESCOLA ESTADUAL DE ITAMARATI";"DISTRITO DE ITAMARATI";"0091";"291";"Não"
"ESCOLA ESTADUAL DE ITAMARATI";"DISTRITO DE ITAMARATI";"0092";"293";"Não"
"ESCOLA ESTADUAL DE ITAMARATI";"DISTRITO DE ITAMARATI";"0093";"295";"Não"
"ESCOLA ESTADUAL DE ITAMARATI";"DISTRITO DE ITAMARATI";"0094";"293";"Não"
"ESCOLA ESTADUAL DE ITAMARATI";"DISTRITO DE ITAMARATI";"0140";"291";"Não"
"ESCOLA ESTADUAL JOAQUIM FERNANDES ABADE";"DISTRITO DE CAMPO NOVO";"0095";"380";"Não"
"ESCOLA ESTADUAL JOAQUIM FERNANDES ABADE";"DISTRITO DE CAMPO NOVO";"0096";"380";"Não"
"ESCOLA ESTADUAL JOAQUIM FERNANDES ABADE";"DISTRITO DE CAMPO NOVO";"0107";"379";"Não"
"ESCOLA MUNICIPAL SEBASTIÃO VAZ DA COSTA";"DISTRITO DE MACHADO MINEIRO";"0097";"380";"Não"
"ESCOLA MUNICIPAL SEBASTIÃO VAZ DA COSTA";"DISTRITO DE MACHADO MINEIRO";"0098";"379";"Não"
"ESCOLA MUNICIPAL SEBASTIÃO VAZ DA COSTA";"DISTRITO DE MACHADO MINEIRO";"0099";"377";"Não"
"ESCOLA MUNICIPAL SEBASTIÃO VAZ DA COSTA";"DISTRITO DE MACHADO MINEIRO";"0100";"379";"Não"
"ESCOLA MUNICIPAL SEBASTIÃO VAZ DA COSTA";"DISTRITO DE MACHADO MINEIRO";"0101";"378";"Não"
"ESCOLA MUNICIPAL SEBASTIÃO VAZ DA COSTA";"DISTRITO DE MACHADO MINEIRO";"0110";"380";"Não"
"ESCOLA MUNICIPAL SEBASTIÃO VAZ DA COSTA";"DISTRITO DE MACHADO MINEIRO";"0134";"376";"Não"
"ESCOLA MUNICIPAL SEBASTIÃO VAZ DA COSTA";"DISTRITO DE MACHADO MINEIRO";"0145";"378";"Não"
"ESCOLA MUNICIPAL SEBASTIÃO VAZ DA COSTA";"DISTRITO DE MACHADO MINEIRO";"0176";"377";"Não"
"ESCOLA MUNICIPAL PADRE JOSÉ DE ANCHIETA";"DISTRITO DE MOCÓ";"0104";"309";"Não"
"CEMEI TIO PATINHAS";"CENTRO";"0120";"333";"Sim"
"CEMEI TIO PATINHAS";"CENTRO";"0128";"327";"Não"
"CEMEI TIO PATINHAS";"CENTRO";"0135";"331";"Não"
"CEMEI TIO PATINHAS";"CENTRO";"0179";"328";"Não"
"ESCOLA MUNICIPAL JOÃO ÁLVARO BAHIA";"COMUNIDADE RURAL BOM JARDIM";"0139";"166";"Não"
