distrito_ou_bairro;numero;candidato;partido;votos_nominais;secoes_com_votos
CENTRO;70123;ANA CAROLINA PINTO CARAM GUIMARAES;AVANTE;1121;0070, 0071, 0072, 0073, 0074, 0075, 0076, 0077, 0120, 0128, 0135, 0179
CENTRO;22345;DENERVAL GERMANO DA CRUZ;PL;557;0070, 0071, 0072, 0073, 0074, 0075, 0076, 0077, 0120, 0128, 0135, 0179
CENTRO;10123;CARLOS HENRIQUE ALVES DA SILVA;REPUBLICANOS;185;0070, 0071, 0072, 0073, 0074, 0075, 0076, 0077, 0120, 0128, 0135, 0179
CENTRO;43789;CARLITO PEREIRA DA COSTA;PV;172;0070, 0071, 0072, 0073, 0074, 0075, 0076, 0077, 0120, 0128, 0135, 0179
CENTRO;13100;JEAN MARK FREIRE SILVA;PT;165;0070, 0071, 0072, 0073, 0074, 0075, 0076, 0077, 0120, 0128, 0135, 0179
CENTRO;13123;BEATRIZ DA SILVA CERQUEIRA;PT;72;0070, 0071, 0072, 0073, 0074, 0075, 0076, 0077, 0120, 0128, 0135, 0179
CENTRO;44777;WENDEL CRISTIANO SOARES DE MESQUITA;UNIÃO;44;0070, 0071, 0072, 0073, 0074, 0075, 0076, 0077, 0120, 0128, 0135, 0179
CENTRO;22800;GUSTAVO DE VASCONCELLOS MOREIRA;PL;42;0070, 0071, 0072, 0073, 0074, 0075, 0076, 0077, 0120, 0128, 0135
CENTRO;15111;ARLEN DE PAULO SANTIAGO FILHO;MDB;35;0070, 0071, 0072, 0073, 0074, 0075, 0076, 0077, 0120, 0128, 0135, 0179
CENTRO;13450;CARLOS MAGNO RIBEIRO COSTA;PT;28;0070, 0072, 0073, 0074, 0075, 0076, 0077, 0120, 0128, 0135, 0179
CENTRO;20000;FLAVIA FERREIRA BORJA PINTO;PODE;24;0070, 0071, 0072, 0074, 0076, 0077, 0120, 0128, 0135, 0179
CENTRO;25222;ROBERTO DIAS DE ANDRADE;PRD;19;0070, 0071, 0072, 0073, 0074, 0075, 0077, 0128, 0179
CENTRO;22010;EDUARDO HENRIQUE DE AZEVEDO;PL;18;0071, 0073, 0074, 0075, 0076, 0077, 0135, 0179
CENTRO;13579;WHELTON PIMENTEL DE FREITAS;PT;17;0070, 0071, 0072, 0073, 0074, 0075, 0076, 0077, 0120, 0128, 0135, 0179
CENTRO;13130;MACAE MARIA EVARISTO DOS SANTOS;PT;15;0070, 0072, 0075, 0076, 0077, 0120, 0128, 0135, 0179
CENTRO;11789;NAYARA ROCHA PERDIGÃO LARA;PP;13;0071, 0072, 0074, 0075, 0077, 0120, 0128, 0135
CENTRO;40777;ANTONIO AUGUSTO RESENDE MAIA;PSB;11;0072, 0074, 0077, 0179
CENTRO;22222;BRUNO DE CASTRO ENGLER FLORENCIO DE ALMEIDA;PL;8;0071, 0072, 0074, 0075, 0076, 0077
CENTRO;45999;LEONIDIO HENRIQUE CORREA BOUCAS;PSDB;8;0073, 0074, 0075, 0077, 0128, 0135
CENTRO;35321;HELOYR LIVINGSTONE BARREIROS FORTUNATO;DEMOCRATA;7;0070, 0071, 0072, 0073, 0075
CENTRO;22122;WASHINGTON FERNANDO RODRIGUES;PL;7;0072, 0075, 0120, 0128, 0135, 0179
CENTRO;22123;ANTÔNIO CARLOS ARANTES;PL;6;0071, 0075, 0077, 0120, 0179
CENTRO;22111;PHABLO GOMES ALMEIDA;PL;6;0071, 0073, 0075, 0120, 0179
CENTRO;35190;THIAGO GREGORIO CEZARIO DA SILVA;DEMOCRATA;6;0073, 0077, 0120, 0135, 0179
CENTRO;13000;ADRIANA CRISTINA FABIANO DE SOUZA;PT;5;0074, 0077, 0120, 0135
CENTRO;13134;EDUARDO PEREIRA DE OLIVEIRA;PT;5;0073, 0074, 0077, 0128, 0135
CENTRO;50099;IZABELLA LOURENÇA AMORIM ROMUALDO;PSOL;5;0073, 0074, 0076, 0135
CENTRO;11230;OSCAR LISANDRO TEIXEIRA;PP;5;0074, 0075, 0077
CENTRO;70122;RODNEY MARCELO FLORENTINO MARTINS;AVANTE;5;0070, 0072, 0077, 0179
CENTRO;22888;UGLENO ALVES PEREIRA SANTOS;PL;5;0073, 0074, 0077, 0128
CENTRO;12111;LAIS SANTIAGO JORGE;PDT;4;0074, 0075, 0076, 0077
CENTRO;13444;ANA PAULA SIQUEIRA;PT;3;0071, 0120, 0128
CENTRO;13050;ANDRÉIA DE JESUS SILVA;PT;3;0076, 0128
CENTRO;13120;CRISTIANO TADEU DA SILVEIRA;PT;3;0076, 0135
CENTRO;30011;JOSE LAVIOLA NETO DE LIRA;NOVO;3;0074, 0120, 0135
CENTRO;13456;MARILENE ALVES DE SOUZA;PT;3;0072, 0128, 0135
CENTRO;10789;NEILANDO ALVES PIMENTA;REPUBLICANOS;3;0072, 0075, 0135
CENTRO;12345;BRUNO MARTUCHELE DE SALES;PDT;2;0071, 0179
CENTRO;10100;CHARLES DOS SANTOS;REPUBLICANOS;2;0077, 0128
CENTRO;22456;DELMIRO GENESIO DOS SANTOS;PL;2;0076
CENTRO;43456;GABRIEL MENDES DE ALMEIDA CARVALHO;PV;2;0075
CENTRO;13001;HENRICO BARBOZA DE MOURA;PT;2;0070, 0076
CENTRO;14000;LUANA GOMES DA SILVA;MISSÃO;2;0072, 0128
CENTRO;50500;MARIA CAROLINA SANTOS CALDEIRA;PSOL;2;0072, 0077
CENTRO;13300;MARIA DO CARMO LARA PERPETUO;PT;2;0076
CENTRO;45177;MARIA DO SOCORRO PACHECO PENA;PSDB;2;0128
CENTRO;10122;Nº 10122 (não consta no EA20 municipal);REPUBLICANOS;2;0076
CENTRO;55240;TITO BRUNO MIRANDA TORRES DUARTE;PSD;2;0073
CENTRO;11123;ADRIANO DE ALMEIDA ALVARENGA;PP;1;0073
CENTRO;12993;ALINE DE CASTRO SANTOS;PDT;1;0071
CENTRO;22000;AMANDA CAROLINE TEIXEIRA DIAS;PL;1;0135
CENTRO;14777;ANA MARIA FIALHO LEITE LIMA;MISSÃO;1;0070
CENTRO;22221;ANDERSON LIMA DA SILVA;PL;1;0073
CENTRO;22500;CARLOS HENRIQUE COELHO DE CAMPOS;PL;1;0120
CENTRO;22777;CHIARA TEIXEIRA BIONDINI;PL;1;0072
CENTRO;22822;CLAUDIO SAMUEL SOUSA CAIRES;PL;1;0070
CENTRO;13222;DANIEL BATISTA SUCUPIRA;PT;1;0074
CENTRO;10190;DOMINGOS SAVIO DE MENDONCA;REPUBLICANOS;1;0135
CENTRO;11300;DOORGAL GUSTAVO SAD LAFAYETTE DE ANDRADA;PP;1;0072
CENTRO;40050;ELAINE CRISTINA JUNQUEIRA DO PRADO;PSB;1;0071
CENTRO;55210;GILBERTO WAGNER MARTINS PEREIRA ANTUNES;PSD;1;0179
CENTRO;22555;IVSON GOMES DE CASTRO;PL;1;0076
CENTRO;36123;JORGE LUIZ FORTUNATO ALI;AGIR;1;0071
CENTRO;11111;JOSE GUILHERME FERREIRA FILHO;PP;1;0179
CENTRO;25555;JOSÉ VALADARES BAHIA;PRD;1;0073
CENTRO;50111;JUHLIA SANTOS;PSOL;1;0073
CENTRO;30456;LARISSA RODRIGUES DIAS;NOVO;1;0076
CENTRO;70777;LINDALVA LAMOIA TEIXEIRA MACHADO;AVANTE;1;0074
CENTRO;15018;LOURENE ALVES FERREIRA;MDB;1;0072
CENTRO;40900;LUCIANO COELHO PETTERSEN;PSB;1;0073
CENTRO;12100;MARCIA MARIA DE SOUZA CARDOSO;PDT;1;0179
CENTRO;12445;MARCIO DOS SANTOS SILVA;PDT;1;0070
CENTRO;13567;MARIA ALVES DE SOUZA;PT;1;0075
CENTRO;45300;MARIA CLARA MATOS MARRA;PSDB;1;0073
CENTRO;55333;MARIA OLINA SOARES ORNELES;PSD;1;0077
CENTRO;23123;Nº 23123 (não consta no EA20 municipal);CIDADANIA;1;0120
CENTRO;45678;ORLANDO AMORIM CALDEIRA;PSDB;1;0071
CENTRO;30880;OTÁVIO MARTINS MAIA;NOVO;1;0073
CENTRO;45555;PAULO CELIO DE ALMEIDA HUGO;PSDB;1;0072
CENTRO;13131;ROULIAN VIEIRA DO NASCIMENTO;PT;1;0077
CENTRO;20001;SERAFIM DE SOUSA JUNIOR;PODE;1;0135
CENTRO;11122;VALDIR ANDRADE DA CUNHA;PP;1;0071
CENTRO;13070;VITOR GONÇALVES COSTA;PT;1;0077
COMUNIDADE RURAL BOM JARDIM;11789;NAYARA ROCHA PERDIGÃO LARA;PP;52;0139
COMUNIDADE RURAL BOM JARDIM;22345;DENERVAL GERMANO DA CRUZ;PL;16;0139
COMUNIDADE RURAL BOM JARDIM;70123;ANA CAROLINA PINTO CARAM GUIMARAES;AVANTE;7;0139
COMUNIDADE RURAL BOM JARDIM;43789;CARLITO PEREIRA DA COSTA;PV;3;0139
COMUNIDADE RURAL BOM JARDIM;13100;JEAN MARK FREIRE SILVA;PT;3;0139
COMUNIDADE RURAL BOM JARDIM;22222;BRUNO DE CASTRO ENGLER FLORENCIO DE ALMEIDA;PL;2;0139
COMUNIDADE RURAL BOM JARDIM;10123;CARLOS HENRIQUE ALVES DA SILVA;REPUBLICANOS;2;0139
COMUNIDADE RURAL BOM JARDIM;11230;OSCAR LISANDRO TEIXEIRA;PP;2;0139
COMUNIDADE RURAL BOM JARDIM;13579;WHELTON PIMENTEL DE FREITAS;PT;2;0139
COMUNIDADE RURAL BOM JARDIM;15111;ARLEN DE PAULO SANTIAGO FILHO;MDB;1;0139
COMUNIDADE RURAL BOM JARDIM;10122;Nº 10122 (não consta no EA20 municipal);REPUBLICANOS;1;0139
DISTRITO DE CAMPO NOVO;11789;NAYARA ROCHA PERDIGÃO LARA;PP;316;0095, 0096, 0107
DISTRITO DE CAMPO NOVO;22345;DENERVAL GERMANO DA CRUZ;PL;139;0095, 0096, 0107
DISTRITO DE CAMPO NOVO;13579;WHELTON PIMENTEL DE FREITAS;PT;55;0095, 0096, 0107
DISTRITO DE CAMPO NOVO;10123;CARLOS HENRIQUE ALVES DA SILVA;REPUBLICANOS;17;0095, 0096, 0107
DISTRITO DE CAMPO NOVO;13100;JEAN MARK FREIRE SILVA;PT;16;0095, 0096, 0107
DISTRITO DE CAMPO NOVO;70123;ANA CAROLINA PINTO CARAM GUIMARAES;AVANTE;11;0095, 0096, 0107
DISTRITO DE CAMPO NOVO;11230;OSCAR LISANDRO TEIXEIRA;PP;10;0095, 0096, 0107
DISTRITO DE CAMPO NOVO;15111;ARLEN DE PAULO SANTIAGO FILHO;MDB;9;0095, 0096, 0107
DISTRITO DE CAMPO NOVO;22100;SHEILA APARECIDA PEDROSA DE MELLO;PL;7;0095, 0096, 0107
DISTRITO DE CAMPO NOVO;13123;BEATRIZ DA SILVA CERQUEIRA;PT;4;0095, 0107
DISTRITO DE CAMPO NOVO;22822;CLAUDIO SAMUEL SOUSA CAIRES;PL;4;0095, 0107
DISTRITO DE CAMPO NOVO;43789;CARLITO PEREIRA DA COSTA;PV;3;0095, 0096, 0107
DISTRITO DE CAMPO NOVO;22111;PHABLO GOMES ALMEIDA;PL;3;0095, 0107
DISTRITO DE CAMPO NOVO;22888;UGLENO ALVES PEREIRA SANTOS;PL;3;0107
DISTRITO DE CAMPO NOVO;22222;BRUNO DE CASTRO ENGLER FLORENCIO DE ALMEIDA;PL;2;0096, 0107
DISTRITO DE CAMPO NOVO;22777;CHIARA TEIXEIRA BIONDINI;PL;2;0107
DISTRITO DE CAMPO NOVO;22344;DIANE DA SILVA FIALHO BATISTA;PL;2;0096, 0107
DISTRITO DE CAMPO NOVO;13134;EDUARDO PEREIRA DE OLIVEIRA;PT;2;0096, 0107
DISTRITO DE CAMPO NOVO;35190;THIAGO GREGORIO CEZARIO DA SILVA;DEMOCRATA;2;0096
DISTRITO DE CAMPO NOVO;13000;ADRIANA CRISTINA FABIANO DE SOUZA;PT;1;0095
DISTRITO DE CAMPO NOVO;13444;ANA PAULA SIQUEIRA;PT;1;0096
DISTRITO DE CAMPO NOVO;22123;ANTÔNIO CARLOS ARANTES;PL;1;0107
DISTRITO DE CAMPO NOVO;55210;GILBERTO WAGNER MARTINS PEREIRA ANTUNES;PSD;1;0095
DISTRITO DE CAMPO NOVO;22800;GUSTAVO DE VASCONCELLOS MOREIRA;PL;1;0096
DISTRITO DE CAMPO NOVO;70111;IVAN JOSÉ LOPES;AVANTE;1;0107
DISTRITO DE CAMPO NOVO;13111;LUCAS PEREIRA DA FONSECA LOPES;PT;1;0095
DISTRITO DE CAMPO NOVO;13130;MACAE MARIA EVARISTO DOS SANTOS;PT;1;0095
DISTRITO DE CAMPO NOVO;12100;MARCIA MARIA DE SOUZA CARDOSO;PDT;1;0107
DISTRITO DE CAMPO NOVO;13456;MARILENE ALVES DE SOUZA;PT;1;0096
DISTRITO DE CAMPO NOVO;40123;NORALDINO LUCIO DIAS JUNIOR;PSB;1;0096
DISTRITO DE CAMPO NOVO;45678;ORLANDO AMORIM CALDEIRA;PSDB;1;0096
DISTRITO DE CAMPO NOVO;13070;VITOR GONÇALVES COSTA;PT;1;0107
DISTRITO DE CAMPO NOVO;22789;WEBER BERNARDES DE ANDRADE;PL;1;0095
DISTRITO DE ITAMARATI;70123;ANA CAROLINA PINTO CARAM GUIMARAES;AVANTE;300;0091, 0092, 0093, 0094, 0140
DISTRITO DE ITAMARATI;10123;CARLOS HENRIQUE ALVES DA SILVA;REPUBLICANOS;206;0091, 0092, 0093, 0094, 0140
DISTRITO DE ITAMARATI;22345;DENERVAL GERMANO DA CRUZ;PL;125;0091, 0092, 0093, 0094, 0140
DISTRITO DE ITAMARATI;13100;JEAN MARK FREIRE SILVA;PT;65;0091, 0092, 0093, 0094, 0140
DISTRITO DE ITAMARATI;11789;NAYARA ROCHA PERDIGÃO LARA;PP;58;0091, 0092, 0093, 0094, 0140
DISTRITO DE ITAMARATI;13579;WHELTON PIMENTEL DE FREITAS;PT;29;0091, 0092, 0093, 0094, 0140
DISTRITO DE ITAMARATI;15111;ARLEN DE PAULO SANTIAGO FILHO;MDB;15;0091, 0092, 0093, 0140
DISTRITO DE ITAMARATI;22222;BRUNO DE CASTRO ENGLER FLORENCIO DE ALMEIDA;PL;13;0091, 0092, 0094, 0140
DISTRITO DE ITAMARATI;43789;CARLITO PEREIRA DA COSTA;PV;9;0091, 0092, 0093, 0094, 0140
DISTRITO DE ITAMARATI;13134;EDUARDO PEREIRA DE OLIVEIRA;PT;6;0091, 0093, 0094, 0140
DISTRITO DE ITAMARATI;13000;ADRIANA CRISTINA FABIANO DE SOUZA;PT;5;0091, 0092, 0094
DISTRITO DE ITAMARATI;13123;BEATRIZ DA SILVA CERQUEIRA;PT;5;0093, 0094
DISTRITO DE ITAMARATI;13130;MACAE MARIA EVARISTO DOS SANTOS;PT;5;0092, 0094
DISTRITO DE ITAMARATI;13456;MARILENE ALVES DE SOUZA;PT;3;0091, 0094, 0140
DISTRITO DE ITAMARATI;55789;NACIB DUARTE BECHIR;PSD;2;0092, 0140
DISTRITO DE ITAMARATI;10122;Nº 10122 (não consta no EA20 municipal);REPUBLICANOS;2;0092, 0140
DISTRITO DE ITAMARATI;22001;PEDRO LUIZ DA SILVA;PL;2;0091, 0140
DISTRITO DE ITAMARATI;70122;RODNEY MARCELO FLORENTINO MARTINS;AVANTE;2;0092
DISTRITO DE ITAMARATI;11123;ADRIANO DE ALMEIDA ALVARENGA;PP;1;0093
DISTRITO DE ITAMARATI;22700;ALEX CAVALCANTE GONCALVES;PL;1;0140
DISTRITO DE ITAMARATI;13444;ANA PAULA SIQUEIRA;PT;1;0140
DISTRITO DE ITAMARATI;40777;ANTONIO AUGUSTO RESENDE MAIA;PSB;1;0140
DISTRITO DE ITAMARATI;13120;CRISTIANO TADEU DA SILVEIRA;PT;1;0140
DISTRITO DE ITAMARATI;10303;ELISABETE MARIA DA SILVA;REPUBLICANOS;1;0094
DISTRITO DE ITAMARATI;70222;FABIANO CARVALHO DE SOUZA;AVANTE;1;0091
DISTRITO DE ITAMARATI;22800;GUSTAVO DE VASCONCELLOS MOREIRA;PL;1;0094
DISTRITO DE ITAMARATI;13001;HENRICO BARBOZA DE MOURA;PT;1;0094
DISTRITO DE ITAMARATI;14000;LUANA GOMES DA SILVA;MISSÃO;1;0094
DISTRITO DE ITAMARATI;13300;MARIA DO CARMO LARA PERPETUO;PT;1;0094
DISTRITO DE ITAMARATI;10789;NEILANDO ALVES PIMENTA;REPUBLICANOS;1;0093
DISTRITO DE ITAMARATI;11230;OSCAR LISANDRO TEIXEIRA;PP;1;0093
DISTRITO DE ITAMARATI;22111;PHABLO GOMES ALMEIDA;PL;1;0093
DISTRITO DE ITAMARATI;55500;RENE AMERICO DA SILVA;PSD;1;0091
DISTRITO DE ITAMARATI;70120;ROSEMEIRE GONCALVES DA SILVA NASCIMENTO BORGES;AVANTE;1;0092
DISTRITO DE ITAMARATI;25333;WANDERLEY DE ARAUJO PORTO FILHO;PRD;1;0094
DISTRITO DE MACHADO MINEIRO;11789;NAYARA ROCHA PERDIGÃO LARA;PP;1448;0097, 0098, 0099, 0100, 0101, 0110, 0134, 0145, 0176
DISTRITO DE MACHADO MINEIRO;22345;DENERVAL GERMANO DA CRUZ;PL;133;0097, 0098, 0099, 0100, 0101, 0110, 0134, 0145, 0176
DISTRITO DE MACHADO MINEIRO;13579;WHELTON PIMENTEL DE FREITAS;PT;114;0097, 0098, 0099, 0100, 0101, 0110, 0134, 0145, 0176
DISTRITO DE MACHADO MINEIRO;10123;CARLOS HENRIQUE ALVES DA SILVA;REPUBLICANOS;66;0097, 0098, 0099, 0100, 0101, 0110, 0134, 0145, 0176
DISTRITO DE MACHADO MINEIRO;70123;ANA CAROLINA PINTO CARAM GUIMARAES;AVANTE;44;0097, 0098, 0099, 0100, 0101, 0110, 0134, 0145, 0176
DISTRITO DE MACHADO MINEIRO;15111;ARLEN DE PAULO SANTIAGO FILHO;MDB;43;0097, 0098, 0099, 0100, 0101, 0110, 0134, 0145, 0176
DISTRITO DE MACHADO MINEIRO;22222;BRUNO DE CASTRO ENGLER FLORENCIO DE ALMEIDA;PL;22;0097, 0098, 0100, 0101, 0110, 0134, 0145, 0176
DISTRITO DE MACHADO MINEIRO;13123;BEATRIZ DA SILVA CERQUEIRA;PT;15;0097, 0098, 0099, 0100, 0101, 0110, 0134, 0145, 0176
DISTRITO DE MACHADO MINEIRO;22822;CLAUDIO SAMUEL SOUSA CAIRES;PL;10;0097, 0099, 0100, 0101, 0134, 0145
DISTRITO DE MACHADO MINEIRO;11230;OSCAR LISANDRO TEIXEIRA;PP;8;0097, 0099, 0101, 0110, 0145, 0176
DISTRITO DE MACHADO MINEIRO;22010;EDUARDO HENRIQUE DE AZEVEDO;PL;4;0098, 0110, 0176
DISTRITO DE MACHADO MINEIRO;50099;IZABELLA LOURENÇA AMORIM ROMUALDO;PSOL;4;0100, 0134, 0176
DISTRITO DE MACHADO MINEIRO;13100;JEAN MARK FREIRE SILVA;PT;4;0099, 0101, 0134, 0176
DISTRITO DE MACHADO MINEIRO;13070;VITOR GONÇALVES COSTA;PT;4;0101, 0134, 0176
DISTRITO DE MACHADO MINEIRO;13120;CRISTIANO TADEU DA SILVEIRA;PT;3;0099, 0145, 0176
DISTRITO DE MACHADO MINEIRO;70111;IVAN JOSÉ LOPES;AVANTE;3;0098, 0099, 0110
DISTRITO DE MACHADO MINEIRO;13130;MACAE MARIA EVARISTO DOS SANTOS;PT;3;0098, 0099, 0100
DISTRITO DE MACHADO MINEIRO;13000;ADRIANA CRISTINA FABIANO DE SOUZA;PT;2;0176
DISTRITO DE MACHADO MINEIRO;40777;ANTONIO AUGUSTO RESENDE MAIA;PSB;2;0101, 0110
DISTRITO DE MACHADO MINEIRO;22123;ANTÔNIO CARLOS ARANTES;PL;2;0099, 0100
DISTRITO DE MACHADO MINEIRO;22777;CHIARA TEIXEIRA BIONDINI;PL;2;0145, 0176
DISTRITO DE MACHADO MINEIRO;13134;EDUARDO PEREIRA DE OLIVEIRA;PT;2;0110, 0134
DISTRITO DE MACHADO MINEIRO;11111;JOSE GUILHERME FERREIRA FILHO;PP;2;0134, 0145
DISTRITO DE MACHADO MINEIRO;22111;PHABLO GOMES ALMEIDA;PL;2;0110, 0145
DISTRITO DE MACHADO MINEIRO;70122;RODNEY MARCELO FLORENTINO MARTINS;AVANTE;2;0101, 0145
DISTRITO DE MACHADO MINEIRO;11123;ADRIANO DE ALMEIDA ALVARENGA;PP;1;0176
DISTRITO DE MACHADO MINEIRO;22333;ALESSANDRA DINIZ PORTELA SILVEIRA;PL;1;0097
DISTRITO DE MACHADO MINEIRO;22700;ALEX CAVALCANTE GONCALVES;PL;1;0101
DISTRITO DE MACHADO MINEIRO;44444;ARNALDO SILVA JÚNIOR;UNIÃO;1;0097
DISTRITO DE MACHADO MINEIRO;43789;CARLITO PEREIRA DA COSTA;PV;1;0098
DISTRITO DE MACHADO MINEIRO;13222;DANIEL BATISTA SUCUPIRA;PT;1;0176
DISTRITO DE MACHADO MINEIRO;22456;DELMIRO GENESIO DOS SANTOS;PL;1;0098
DISTRITO DE MACHADO MINEIRO;11023;FABIANA BOTELHO PEREIRA;PP;1;0101
DISTRITO DE MACHADO MINEIRO;22800;GUSTAVO DE VASCONCELLOS MOREIRA;PL;1;0099
DISTRITO DE MACHADO MINEIRO;35321;HELOYR LIVINGSTONE BARREIROS FORTUNATO;DEMOCRATA;1;0145
DISTRITO DE MACHADO MINEIRO;13001;HENRICO BARBOZA DE MOURA;PT;1;0097
DISTRITO DE MACHADO MINEIRO;22555;IVSON GOMES DE CASTRO;PL;1;0098
DISTRITO DE MACHADO MINEIRO;12111;LAIS SANTIAGO JORGE;PDT;1;0099
DISTRITO DE MACHADO MINEIRO;13600;MOARA CORREA SABOIA;PT;1;0110
DISTRITO DE MACHADO MINEIRO;40123;NORALDINO LUCIO DIAS JUNIOR;PSB;1;0099
DISTRITO DE MACHADO MINEIRO;13180;PATRICIA CARLA MELO ÁVILA;PT;1;0101
DISTRITO DE MACHADO MINEIRO;30000;RIAN DE ÁVILA PEREIRA;NOVO;1;0176
DISTRITO DE MACHADO MINEIRO;13613;ROBERTO CUPOLILLO;PT;1;0101
DISTRITO DE MACHADO MINEIRO;13131;ROULIAN VIEIRA DO NASCIMENTO;PT;1;0176
DISTRITO DE MACHADO MINEIRO;22100;SHEILA APARECIDA PEDROSA DE MELLO;PL;1;0100
DISTRITO DE MACHADO MINEIRO;22037;THIAGO PINTO VERLI;PL;1;0145
DISTRITO DE MACHADO MINEIRO;22888;UGLENO ALVES PEREIRA SANTOS;PL;1;0110
DISTRITO DE MOCÓ;11789;NAYARA ROCHA PERDIGÃO LARA;PP;106;0104
DISTRITO DE MOCÓ;10123;CARLOS HENRIQUE ALVES DA SILVA;REPUBLICANOS;25;0104
DISTRITO DE MOCÓ;70123;ANA CAROLINA PINTO CARAM GUIMARAES;AVANTE;20;0104
DISTRITO DE MOCÓ;22345;DENERVAL GERMANO DA CRUZ;PL;4;0104
DISTRITO DE MOCÓ;22822;CLAUDIO SAMUEL SOUSA CAIRES;PL;3;0104
DISTRITO DE MOCÓ;13000;ADRIANA CRISTINA FABIANO DE SOUZA;PT;1;0104
DISTRITO DE MOCÓ;13123;BEATRIZ DA SILVA CERQUEIRA;PT;1;0104
DISTRITO DE MOCÓ;12345;BRUNO MARTUCHELE DE SALES;PDT;1;0104
DISTRITO DE MOCÓ;13222;DANIEL BATISTA SUCUPIRA;PT;1;0104
DISTRITO DE MOCÓ;22800;GUSTAVO DE VASCONCELLOS MOREIRA;PL;1;0104
DISTRITO DE MOCÓ;13100;JEAN MARK FREIRE SILVA;PT;1;0104
DISTRITO DE MOCÓ;13111;LUCAS PEREIRA DA FONSECA LOPES;PT;1;0104
DISTRITO DE MOCÓ;10800;MAURO HENRIQUE TRAMONTE;REPUBLICANOS;1;0104
