cargo,numero,candidato,partido,partido_numero,votos
Deputado Estadual,11789,NAYARA ROCHA PERDIGÃO LARA,PP,11,1993
Deputado Estadual,70123,ANA CAROLINA PINTO CARAM GUIMARAES,AVANTE,70,1503
Deputado Estadual,22345,DENERVAL GERMANO DA CRUZ,PL,22,974
Deputado Estadual,10123,CARLOS HENRIQUE ALVES DA SILVA,REPUBLICANOS,10,501
Deputado Estadual,13100,JEAN MARK FREIRE SILVA,PT,13,254
Deputado Estadual,13579,WHELTON PIMENTEL DE FREITAS,PT,13,217
Deputado Estadual,43789,CARLITO PEREIRA DA COSTA,PV,43,188
Deputado Estadual,15111,ARLEN DE PAULO SANTIAGO FILHO,MDB,15,103
Deputado Estadual,13123,BEATRIZ DA SILVA CERQUEIRA,PT,13,97
Deputado Estadual,22222,BRUNO DE CASTRO ENGLER FLORENCIO DE ALMEIDA,PL,22,47
Deputado Estadual,22800,GUSTAVO DE VASCONCELLOS MOREIRA,PL,22,46
Deputado Estadual,44777,WENDEL CRISTIANO SOARES DE MESQUITA,UNIÃO,44,44
Deputado Estadual,13450,CARLOS MAGNO RIBEIRO COSTA,PT,13,28
Deputado Estadual,11230,OSCAR LISANDRO TEIXEIRA,PP,11,26
Deputado Estadual,20000,FLAVIA FERREIRA BORJA PINTO,PODE,20,24
Deputado Estadual,13130,MACAE MARIA EVARISTO DOS SANTOS,PT,13,24
Deputado Estadual,22010,EDUARDO HENRIQUE DE AZEVEDO,PL,22,22
Deputado Estadual,25222,ROBERTO DIAS DE ANDRADE,PRD,25,19
Deputado Estadual,22822,CLAUDIO SAMUEL SOUSA CAIRES,PL,22,18
Deputado Estadual,13134,EDUARDO PEREIRA DE OLIVEIRA,PT,13,15
Deputado Estadual,13000,ADRIANA CRISTINA FABIANO DE SOUZA,PT,13,14
Deputado Estadual,40777,ANTONIO AUGUSTO RESENDE MAIA,PSB,40,14
Deputado Estadual,22111,PHABLO GOMES ALMEIDA,PL,22,12
Deputado Estadual,22123,ANTÔNIO CARLOS ARANTES,PL,22,9
Deputado Estadual,50099,IZABELLA LOURENÇA AMORIM ROMUALDO,PSOL,50,9
Deputado Estadual,70122,RODNEY MARCELO FLORENTINO MARTINS,AVANTE,70,9
Deputado Estadual,22888,UGLENO ALVES PEREIRA SANTOS,PL,22,9
Deputado Estadual,35321,HELOYR LIVINGSTONE BARREIROS FORTUNATO,DEMOCRATA,35,8
Deputado Estadual,45999,LEONIDIO HENRIQUE CORREA BOUCAS,PSDB,45,8
Deputado Estadual,22100,SHEILA APARECIDA PEDROSA DE MELLO,PL,22,8
Deputado Estadual,35190,THIAGO GREGORIO CEZARIO DA SILVA,DEMOCRATA,35,8
Deputado Estadual,13120,CRISTIANO TADEU DA SILVEIRA,PT,13,7
Deputado Estadual,13456,MARILENE ALVES DE SOUZA,PT,13,7
Deputado Estadual,22122,WASHINGTON FERNANDO RODRIGUES,PL,22,7
Deputado Estadual,13070,VITOR GONÇALVES COSTA,PT,13,6
Deputado Estadual,13444,ANA PAULA SIQUEIRA,PT,13,5
Deputado Estadual,22777,CHIARA TEIXEIRA BIONDINI,PL,22,5
Deputado Estadual,12111,LAIS SANTIAGO JORGE,PDT,12,5
Deputado Estadual,10122,Nº 10122 (não consta no EA20 municipal),REPUBLICANOS,10,5
Deputado Estadual,13001,HENRICO BARBOZA DE MOURA,PT,13,4
Deputado Estadual,70111,IVAN JOSÉ LOPES,AVANTE,70,4
Deputado Estadual,10789,NEILANDO ALVES PIMENTA,REPUBLICANOS,10,4
Deputado Estadual,11123,ADRIANO DE ALMEIDA ALVARENGA,PP,11,3
Deputado Estadual,13050,ANDRÉIA DE JESUS SILVA,PT,13,3
Deputado Estadual,12345,BRUNO MARTUCHELE DE SALES,PDT,12,3
Deputado Estadual,13222,DANIEL BATISTA SUCUPIRA,PT,13,3
Deputado Estadual,22456,DELMIRO GENESIO DOS SANTOS,PL,22,3
Deputado Estadual,11111,JOSE GUILHERME FERREIRA FILHO,PP,11,3
Deputado Estadual,30011,JOSE LAVIOLA NETO DE LIRA,NOVO,30,3
Deputado Estadual,14000,LUANA GOMES DA SILVA,MISSÃO,14,3
Deputado Estadual,13300,MARIA DO CARMO LARA PERPETUO,PT,13,3
Deputado Estadual,22700,ALEX CAVALCANTE GONCALVES,PL,22,2
Deputado Estadual,10100,CHARLES DOS SANTOS,REPUBLICANOS,10,2
Deputado Estadual,22344,DIANE DA SILVA FIALHO BATISTA,PL,22,2
Deputado Estadual,43456,GABRIEL MENDES DE ALMEIDA CARVALHO,PV,43,2
Deputado Estadual,55210,GILBERTO WAGNER MARTINS PEREIRA ANTUNES,PSD,55,2
Deputado Estadual,22555,IVSON GOMES DE CASTRO,PL,22,2
Deputado Estadual,13111,LUCAS PEREIRA DA FONSECA LOPES,PT,13,2
Deputado Estadual,12100,MARCIA MARIA DE SOUZA CARDOSO,PDT,12,2
Deputado Estadual,50500,MARIA CAROLINA SANTOS CALDEIRA,PSOL,50,2
Deputado Estadual,45177,MARIA DO SOCORRO PACHECO PENA,PSDB,45,2
Deputado Estadual,55789,NACIB DUARTE BECHIR,PSD,55,2
Deputado Estadual,40123,NORALDINO LUCIO DIAS JUNIOR,PSB,40,2
Deputado Estadual,45678,ORLANDO AMORIM CALDEIRA,PSDB,45,2
Deputado Estadual,22001,PEDRO LUIZ DA SILVA,PL,22,2
Deputado Estadual,13131,ROULIAN VIEIRA DO NASCIMENTO,PT,13,2
Deputado Estadual,55240,TITO BRUNO MIRANDA TORRES DUARTE,PSD,55,2
Deputado Estadual,22333,ALESSANDRA DINIZ PORTELA SILVEIRA,PL,22,1
Deputado Estadual,12993,ALINE DE CASTRO SANTOS,PDT,12,1
Deputado Estadual,22000,AMANDA CAROLINE TEIXEIRA DIAS,PL,22,1
Deputado Estadual,14777,ANA MARIA FIALHO LEITE LIMA,MISSÃO,14,1
Deputado Estadual,22221,ANDERSON LIMA DA SILVA,PL,22,1
Deputado Estadual,44444,ARNALDO SILVA JÚNIOR,UNIÃO,44,1
Deputado Estadual,22500,CARLOS HENRIQUE COELHO DE CAMPOS,PL,22,1
Deputado Estadual,10190,DOMINGOS SAVIO DE MENDONCA,REPUBLICANOS,10,1
Deputado Estadual,11300,DOORGAL GUSTAVO SAD LAFAYETTE DE ANDRADA,PP,11,1
Deputado Estadual,40050,ELAINE CRISTINA JUNQUEIRA DO PRADO,PSB,40,1
Deputado Estadual,10303,ELISABETE MARIA DA SILVA,REPUBLICANOS,10,1
Deputado Estadual,11023,FABIANA BOTELHO PEREIRA,PP,11,1
Deputado Estadual,70222,FABIANO CARVALHO DE SOUZA,AVANTE,70,1
Deputado Estadual,36123,JORGE LUIZ FORTUNATO ALI,AGIR,36,1
Deputado Estadual,25555,JOSÉ VALADARES BAHIA,PRD,25,1
Deputado Estadual,50111,JUHLIA SANTOS,PSOL,50,1
Deputado Estadual,30456,LARISSA RODRIGUES DIAS,NOVO,30,1
Deputado Estadual,70777,LINDALVA LAMOIA TEIXEIRA MACHADO,AVANTE,70,1
Deputado Estadual,15018,LOURENE ALVES FERREIRA,MDB,15,1
Deputado Estadual,40900,LUCIANO COELHO PETTERSEN,PSB,40,1
Deputado Estadual,12445,MARCIO DOS SANTOS SILVA,PDT,12,1
Deputado Estadual,13567,MARIA ALVES DE SOUZA,PT,13,1
Deputado Estadual,45300,MARIA CLARA MATOS MARRA,PSDB,45,1
Deputado Estadual,55333,MARIA OLINA SOARES ORNELES,PSD,55,1
Deputado Estadual,10800,MAURO HENRIQUE TRAMONTE,REPUBLICANOS,10,1
Deputado Estadual,13600,MOARA CORREA SABOIA,PT,13,1
Deputado Estadual,23123,Nº 23123 (não consta no EA20 municipal),CIDADANIA,23,1
Deputado Estadual,30880,OTÁVIO MARTINS MAIA,NOVO,30,1
Deputado Estadual,13180,PATRICIA CARLA MELO ÁVILA,PT,13,1
Deputado Estadual,45555,PAULO CELIO DE ALMEIDA HUGO,PSDB,45,1
Deputado Estadual,55500,RENE AMERICO DA SILVA,PSD,55,1
Deputado Estadual,30000,RIAN DE ÁVILA PEREIRA,NOVO,30,1
Deputado Estadual,13613,ROBERTO CUPOLILLO,PT,13,1
Deputado Estadual,70120,ROSEMEIRE GONCALVES DA SILVA NASCIMENTO BORGES,AVANTE,70,1
Deputado Estadual,20001,SERAFIM DE SOUSA JUNIOR,PODE,20,1
Deputado Estadual,22037,THIAGO PINTO VERLI,PL,22,1
Deputado Estadual,11122,VALDIR ANDRADE DA CUNHA,PP,11,1
Deputado Estadual,25333,WANDERLEY DE ARAUJO PORTO FILHO,PRD,25,1
Deputado Estadual,22789,WEBER BERNARDES DE ANDRADE,PL,22,1
Deputado Federal,2270,GREYCE DE QUEIROZ ELIAS,PL,22,2583
Deputado Federal,1234,MARIO LUCIO HERINGER,PDT,12,1492
Deputado Federal,2222,NIKOLAS FERREIRA DE OLIVEIRA,PL,22,564
Deputado Federal,1510,NEWTON CARDOSO JUNIOR,MDB,15,381
Deputado Federal,1010,GILBERTO APARECIDO ABRAMO,REPUBLICANOS,10,283
Deputado Federal,1315,JOAO CARLOS SIQUEIRA,PT,13,236
Deputado Federal,1331,ANA ELISA SANTOS SILVA,PT,13,219
Deputado Federal,1378,PAULO JOSE CARLOS GUEDES,PT,13,205
Deputado Federal,1339,MIGUEL ANGELO MONTEIRO ANDRADE,PT,13,185
Deputado Federal,7077,IGOR MASCARENHAS ETO,AVANTE,70,156
Deputado Federal,1363,JOSE LEONARDO COSTA MONTEIRO,PT,13,85
Deputado Federal,1813,ANDRE LUIS GASPAR JANONES,REDE,18,46
Deputado Federal,2000,IGOR DE ALVARENGA OLIVEIRA ICASSATTI ROJAS,PODE,20,45
Deputado Federal,1312,REGINALDO LAZARO DE OLIVEIRA LOPES,PT,13,45
Deputado Federal,1313,ROGERIO CORREIA DE MOURA BAPTISTA,PT,13,27
Deputado Federal,7012,JUNIA CELIA DE MEDEIROS,AVANTE,70,25
Deputado Federal,1077,BRUNO SOUZA FARIAS,REPUBLICANOS,10,23
Deputado Federal,4444,MARCELO EDUARDO FREITAS,UNIÃO,44,21
Deputado Federal,4477,JOSÉ SILVA SOARES,UNIÃO,44,18
Deputado Federal,4350,LOHANNA SOUZA FRANÇA MOREIRA DE OLIVEIRA,PV,43,15
Deputado Federal,1300,PEDRO FARAH ROUSSEFF,PT,13,14
Deputado Federal,4433,SAMUEL JOSÉ RODRIGUES DE VIANA,UNIÃO,44,14
Deputado Federal,1122,ANTÔNIO PINHEIRO NETO,PP,11,13
Deputado Federal,1178,FERNANDO PEREIRA DA SILVA,PP,11,12
Deputado Federal,1390,ISABELLA GONÇALVES MIRANDA,PT,13,12
Deputado Federal,1123,LUCIANA DE OLIVEIRA RAMPI,PP,11,12
Deputado Federal,7024,RILTON RAMOS HILDEBRANDO,AVANTE,70,12
Deputado Federal,1111,DIMAS FABIANO TOLEDO JUNIOR,PP,11,11
Deputado Federal,3007,MÁRCIO ALMEIDA BERNARDINO,NOVO,30,11
Deputado Federal,2204,RODRIGO RODRIGUES TAVARES,PL,22,11
Deputado Federal,2278,ANDRE NUNES COSTA,PL,22,9
Deputado Federal,4003,MAYKON HENRIQUE DELFINO BORGES CRUZ,PSB,40,9
Deputado Federal,1089,EDUARDO COSENTINO DA CUNHA,REPUBLICANOS,10,8
Deputado Federal,2277,EROS FERREIRA BIONDINI,PL,22,8
Deputado Federal,1000,GLEIDSON GONTIJO AZEVEDO,REPUBLICANOS,10,8
Deputado Federal,2227,IGOR PEREIRA DOS SANTOS,PL,22,8
Deputado Federal,1231,JACQUELINE CALIXTO BARBOSA DE JESUS,PDT,12,8
Deputado Federal,5050,DUDA SALABERT,PSOL,50,7
Deputado Federal,2234,IRLAN CHAVES DE OLIVEIRA MELO,PL,22,7
Deputado Federal,2256,REGINALDO FERREIRA TIAGO,PL,22,6
Deputado Federal,1334,DANDARA TONANTZIN SILVA CASTRO,PT,13,5
Deputado Federal,1511,GILBERTO REZENDE SOBRINHO,MDB,15,5
Deputado Federal,2020,NELI PEREIRA DE AQUINO,PODE,20,5
Deputado Federal,2046,TALES MARCELO ALVES,PODE,20,5
Deputado Federal,1311,EDINALDO SOARES DE SOUZA,PT,13,4
Deputado Federal,4099,ITAMAR PEREIRA FAUSTINO,PSB,40,4
Deputado Federal,1233,ADRIANA SILVA MARTINS BARROS,PDT,12,3
Deputado Federal,1414,CARLOS HENRIQUE DIAS DE FREITAS,MISSÃO,14,3
Deputado Federal,1170,CELSO ROBERTO VAZ,PP,11,3
Deputado Federal,5042,DARIO RICARDO BRAGA DE MOURA,PSOL,50,3
Deputado Federal,1210,EDNA DIAS SANTOS,PDT,12,3
Deputado Federal,1015,EUCLYDES MARCOS PETTERSEN NETO,REPUBLICANOS,10,3
Deputado Federal,2236,FABIANO LOPES FERREIRA CAZECA,PL,22,3
Deputado Federal,1307,GLEIDE ANDRADE DE OLIVEIRA,PT,13,3
Deputado Federal,2070,HUGO CARLOS RODRIGUES,PODE,20,3
Deputado Federal,1223,JACKSON INACIO DE OLIVEIRA,PDT,12,3
Deputado Federal,1345,JOAQUIM FLORISVALDO TEÓFILO,PT,13,3
Deputado Federal,1237,JOSENI AGANETTI DUARTE,PDT,12,3
Deputado Federal,1333,JOÃO GABRIEL FASSBENDER BARRETO PRATES,PT,13,3
Deputado Federal,1230,LILIANE FRANCA DA SILVA,PDT,12,3
Deputado Federal,4080,LUIZ FERNANDO ALVES,PSB,40,3
Deputado Federal,2219,LUIZ GONZAGA RIBEIRO,PL,22,3
Deputado Federal,2244,MARCELO HENRIQUE TEIXEIRA DIAS,PL,22,3
Deputado Federal,2275,THIAGO MARTINS MILHIM,PL,22,3
Deputado Federal,1310,ADRIANA CRISTINA ARAUJO,PT,13,2
Deputado Federal,1314,ANA CRISTINA DE LIMA PIMENTEL,PT,13,2
Deputado Federal,1199,ANA PAULA PROCOPIO JUNQUEIRA,PP,11,2
Deputado Federal,1236,ANDERSON BRITO PEREIRA,PDT,12,2
Deputado Federal,2221,CAROLINE FIGUEIREDO COSTA,PL,22,2
Deputado Federal,1023,DANIELA DE CASSIA LINHARES,REPUBLICANOS,10,2
Deputado Federal,2252,FREDERICO DE CASTRO ESCALEIRA,PL,22,2
Deputado Federal,2250,LAFAYETTE LUIZ DOORGAL DE ANDRADA,PL,22,2
Deputado Federal,2210,MAURICIO LUIZ DE SOUZA,PL,22,2
Deputado Federal,1512,MILTON PEREIRA DA CRUZ JUNIOR,MDB,15,2
Deputado Federal,1100,MOACIR MARTINS DA COSTA JUNIOR,PP,11,2
Deputado Federal,4545,PAULO ABI-ACKEL,PSDB,45,2
Deputado Federal,2090,PEDRO HENRIQUE VELOSO CUNHA,PODE,20,2
Deputado Federal,4340,TALES BANDEIRA ARRUDAS,PV,43,2
Deputado Federal,1229,UCHARLES PEREIRA DA SILVA,PDT,12,2
Deputado Federal,1213,WALDINEI CHICARELI DE ANDRADE,PDT,12,2
Deputado Federal,2211,WILI DOS SANTOS,PL,22,2
Deputado Federal,7023,ADRIANE APARECIDA CARRARO ALVES,AVANTE,70,1
Deputado Federal,7707,ANDREI LISBOA COLARES,SOLIDARIEDADE,77,1
Deputado Federal,7013,ANTONIO CARLOS VIEIRA,AVANTE,70,1
Deputado Federal,1520,BERNARDO DE OLIVEIRA OTOCH CHAVES,MDB,15,1
Deputado Federal,4447,BIANCA NUNES LEÃO,UNIÃO,44,1
Deputado Federal,1222,BRUNO GATTI BAVUZO COELHO PEREIRA,PDT,12,1
Deputado Federal,1212,CAIO LUCIUS VALACE DE OLIVEIRA SILVA,PDT,12,1
Deputado Federal,7056,CAROLINA GILBERTI CHAVES,AVANTE,70,1
Deputado Federal,1239,CESAR ANTONIO PEREIRA,PDT,12,1
Deputado Federal,1113,CLAUDIO MOREIRA RIBEIRO,PP,11,1
Deputado Federal,4310,CLAYSON FELIZOLA DOS REIS,PV,43,1
Deputado Federal,2231,CLEUSA BERNADETH LARA CORREA,PL,22,1
Deputado Federal,5010,CRISTIANE PAULA MARQUES DE CARVALHO NUNES,PSOL,50,1
Deputado Federal,2212,CRISTIANO CAPOREZZO ARAUJO PIRES FERREIRA,PL,22,1
Deputado Federal,5088,CÉLIA NUNES CORREA,PSOL,50,1
Deputado Federal,1011,DENIVAL RODRIGUES DOS SANTOS,REPUBLICANOS,10,1
Deputado Federal,5555,DIEGO LEONARDO DE ANDRADE CARVALHO,PSD,55,1
Deputado Federal,1018,DULCE JOANE SOUSA MONTE,REPUBLICANOS,10,1
Deputado Federal,1030,EDIMILSON PEREIRA LIMA,REPUBLICANOS,10,1
Deputado Federal,2312,EDUARDO DA SILVA SANTOS,CIDADANIA,23,1
Deputado Federal,4001,ELIANE JOANA SANTIAGO,PSB,40,1
Deputado Federal,2240,EMIDIO ALVES MADEIRA JUNIOR,PL,22,1
Deputado Federal,5550,ENIZANETE MARIA DE FREITAS,PSD,55,1
Deputado Federal,1238,FABIO LUCIO MACIEL,PDT,12,1
Deputado Federal,2223,FARLEY FREDERICO DE OLIVEIRA SOUZA,PL,22,1
Deputado Federal,1033,FERNANDA CAROLINA SOUSA DOS SANTOS SOARES,REPUBLICANOS,10,1
Deputado Federal,2533,FREDERICO BORGES DA COSTA,PRD,25,1
Deputado Federal,4499,FREDERICO LUCAS MEIRELES ASSUNÇÃO,UNIÃO,44,1
Deputado Federal,2230,GLAUCIA MARIA SANTIAGO RODRIGUES,PL,22,1
Deputado Federal,1810,HIGOR ALESSANDRO MEDEIROS GAMA,REDE,18,1
Deputado Federal,3003,IGOR CRISTIANO SOARES MARQUES,NOVO,30,1
Deputado Federal,4455,IGOR TARCIANO TIMO,UNIÃO,44,1
Deputado Federal,4077,ISMAEL SILVA CANDIDO,PSB,40,1
Deputado Federal,2217,IVANEIDE GONCALVES PIMENTA,PL,22,1
Deputado Federal,1278,IZABEL CRISTINA DE ALMEIDA,PDT,12,1
Deputado Federal,1404,JULIANA RIOS MONTEIRO,MISSÃO,14,1
Deputado Federal,7007,KAIO LUCIO BAHIA,AVANTE,70,1
Deputado Federal,4088,LOURINEI FRANCISCO DE SOUZA,PSB,40,1
Deputado Federal,7070,LUIS HENRIQUE DE OLIVEIRA RESENDE,AVANTE,70,1
Deputado Federal,1330,LUNNA DA SILVA,PT,13,1
Deputado Federal,1551,MARIA DORILEIA DA SILVA,MDB,15,1
Deputado Federal,1355,MARILDA APARECIDA SIMEAO,PT,13,1
Deputado Federal,1515,PAULO EDUARDO ROCHA BRANT,MDB,15,1
Deputado Federal,1193,PEDRO DOSHIKAZU PIANCHÃO AIHARA,PP,11,1
Deputado Federal,7777,PEDRO HENRIQUE SOARES BRAGA,SOLIDARIEDADE,77,1
Deputado Federal,2770,RICARDO EDUARDO GOMES,DC,27,1
Deputado Federal,1211,RICARDO MARUM FILHO,PDT,12,1
Deputado Federal,1214,ROBERTO FERNANDES PACHECO,PDT,12,1
Deputado Federal,1208,RODRIGO DA SILVA REIS,PDT,12,1
Deputado Federal,2235,SERGIO ANTONIO CARVALHO DE AZEVEDO,PL,22,1
Deputado Federal,1131,VINICIUS DE RESENDE,PP,11,1
Senador,131,MARILIA APARECIDA CAMPOS,PT,13,4518
Senador,111,MARCELO GUILHERME DE ARO FERREIRA,PP,11,3897
Senador,222,DOMINGOS SAVIO CAMPOS RESENDE,PL,22,1368
Senador,500,AUREA CAROLINA DE FREITAS E SILVA,PSOL,50,1256
Senador,555,CARLOS ALBERTO DIAS VIANA,PSD,55,1176
Senador,300,MARCO ANTÔNIO MOREIRA DA COSTA,NOVO,30,313
Senador,456,AÉCIO NEVES DA CUNHA,PSDB,45,189
Senador,155,ARCANJO CARLOS PIMENTA,MDB,15,20
Senador,150,MANOEL TEODORO PEREIRA DE CARVALHO FILHO,MDB,15,10
Senador,700,CARLOS MAGNO DE MOURA SOARES,AVANTE,70,6
Senador,808,ANA LUIZA CARDOSO DE MACEDO,UP,80,4
Senador,160,JORDANO CARVALHO DOS SANTOS,PSTU,16,1

