distrito_ou_bairro;numero;candidato;partido;votos_nominais;secoes_com_votos
CENTRO;131;MARILIA APARECIDA CAMPOS;PT;1834;0070, 0071, 0072, 0073, 0074, 0075, 0076, 0077, 0120, 0128, 0135, 0179
CENTRO;111;MARCELO GUILHERME DE ARO FERREIRA;PP;1315;0070, 0071, 0072, 0073, 0074, 0075, 0076, 0077, 0120, 0128, 0135, 0179
CENTRO;500;AUREA CAROLINA DE FREITAS E SILVA;PSOL;766;0070, 0071, 0072, 0073, 0074, 0075, 0076, 0077, 0120, 0128, 0135, 0179
CENTRO;222;DOMINGOS SAVIO CAMPOS RESENDE;PL;617;0070, 0071, 0072, 0073, 0074, 0075, 0076, 0077, 0120, 0128, 0135, 0179
CENTRO;555;CARLOS ALBERTO DIAS VIANA;PSD;576;0070, 0071, 0072, 0073, 0074, 0075, 0076, 0077, 0120, 0128, 0135, 0179
CENTRO;300;MARCO ANTÔNIO MOREIRA DA COSTA;NOVO;124;0070, 0071, 0072, 0073, 0074, 0075, 0076, 0077, 0120, 0128, 0135, 0179
CENTRO;456;AÉCIO NEVES DA CUNHA;PSDB;84;0070, 0071, 0072, 0073, 0074, 0075, 0076, 0077, 0120, 0128, 0135, 0179
CENTRO;150;MANOEL TEODORO PEREIRA DE CARVALHO FILHO;MDB;8;0070, 0072, 0075, 0076, 0128, 0135, 0179
CENTRO;155;ARCANJO CARLOS PIMENTA;MDB;6;0071, 0072, 0074, 0075, 0120
CENTRO;808;ANA LUIZA CARDOSO DE MACEDO;UP;3;0073, 0074, 0120
CENTRO;700;CARLOS MAGNO DE MOURA SOARES;AVANTE;3;0072, 0075, 0077
CENTRO;160;JORDANO CARVALHO DOS SANTOS;PSTU;1;0071
COMUNIDADE RURAL BOM JARDIM;131;MARILIA APARECIDA CAMPOS;PT;82;0139
COMUNIDADE RURAL BOM JARDIM;111;MARCELO GUILHERME DE ARO FERREIRA;PP;74;0139
COMUNIDADE RURAL BOM JARDIM;555;CARLOS ALBERTO DIAS VIANA;PSD;15;0139
COMUNIDADE RURAL BOM JARDIM;500;AUREA CAROLINA DE FREITAS E SILVA;PSOL;12;0139
COMUNIDADE RURAL BOM JARDIM;222;DOMINGOS SAVIO CAMPOS RESENDE;PL;11;0139
COMUNIDADE RURAL BOM JARDIM;300;MARCO ANTÔNIO MOREIRA DA COSTA;NOVO;8;0139
COMUNIDADE RURAL BOM JARDIM;150;MANOEL TEODORO PEREIRA DE CARVALHO FILHO;MDB;1;0139
DISTRITO DE CAMPO NOVO;131;MARILIA APARECIDA CAMPOS;PT;443;0095, 0096, 0107
DISTRITO DE CAMPO NOVO;111;MARCELO GUILHERME DE ARO FERREIRA;PP;406;0095, 0096, 0107
DISTRITO DE CAMPO NOVO;222;DOMINGOS SAVIO CAMPOS RESENDE;PL;148;0095, 0096, 0107
DISTRITO DE CAMPO NOVO;500;AUREA CAROLINA DE FREITAS E SILVA;PSOL;78;0095, 0096, 0107
DISTRITO DE CAMPO NOVO;555;CARLOS ALBERTO DIAS VIANA;PSD;67;0095, 0096, 0107
DISTRITO DE CAMPO NOVO;300;MARCO ANTÔNIO MOREIRA DA COSTA;NOVO;61;0095, 0096, 0107
DISTRITO DE CAMPO NOVO;456;AÉCIO NEVES DA CUNHA;PSDB;36;0095, 0096, 0107
DISTRITO DE CAMPO NOVO;155;ARCANJO CARLOS PIMENTA;MDB;12;0095, 0096, 0107
DISTRITO DE ITAMARATI;131;MARILIA APARECIDA CAMPOS;PT;592;0091, 0092, 0093, 0094, 0140
DISTRITO DE ITAMARATI;111;MARCELO GUILHERME DE ARO FERREIRA;PP;496;0091, 0092, 0093, 0094, 0140
DISTRITO DE ITAMARATI;500;AUREA CAROLINA DE FREITAS E SILVA;PSOL;222;0091, 0092, 0093, 0094, 0140
DISTRITO DE ITAMARATI;555;CARLOS ALBERTO DIAS VIANA;PSD;197;0091, 0092, 0093, 0094, 0140
DISTRITO DE ITAMARATI;222;DOMINGOS SAVIO CAMPOS RESENDE;PL;162;0091, 0092, 0093, 0094, 0140
DISTRITO DE ITAMARATI;300;MARCO ANTÔNIO MOREIRA DA COSTA;NOVO;27;0091, 0092, 0093, 0094, 0140
DISTRITO DE ITAMARATI;456;AÉCIO NEVES DA CUNHA;PSDB;26;0091, 0092, 0093, 0094, 0140
DISTRITO DE ITAMARATI;155;ARCANJO CARLOS PIMENTA;MDB;1;0093
DISTRITO DE ITAMARATI;700;CARLOS MAGNO DE MOURA SOARES;AVANTE;1;0092
DISTRITO DE ITAMARATI;150;MANOEL TEODORO PEREIRA DE CARVALHO FILHO;MDB;1;0094
DISTRITO DE MACHADO MINEIRO;111;MARCELO GUILHERME DE ARO FERREIRA;PP;1475;0097, 0098, 0099, 0100, 0101, 0110, 0134, 0145, 0176
DISTRITO DE MACHADO MINEIRO;131;MARILIA APARECIDA CAMPOS;PT;1454;0097, 0098, 0099, 0100, 0101, 0110, 0134, 0145, 0176
DISTRITO DE MACHADO MINEIRO;222;DOMINGOS SAVIO CAMPOS RESENDE;PL;406;0097, 0098, 0099, 0100, 0101, 0110, 0134, 0145, 0176
DISTRITO DE MACHADO MINEIRO;555;CARLOS ALBERTO DIAS VIANA;PSD;281;0097, 0098, 0099, 0100, 0101, 0110, 0134, 0145, 0176
DISTRITO DE MACHADO MINEIRO;500;AUREA CAROLINA DE FREITAS E SILVA;PSOL;166;0097, 0098, 0099, 0100, 0101, 0110, 0134, 0145, 0176
DISTRITO DE MACHADO MINEIRO;300;MARCO ANTÔNIO MOREIRA DA COSTA;NOVO;91;0097, 0098, 0099, 0100, 0101, 0110, 0134, 0145, 0176
DISTRITO DE MACHADO MINEIRO;456;AÉCIO NEVES DA CUNHA;PSDB;39;0097, 0098, 0099, 0100, 0101, 0110, 0134, 0145, 0176
DISTRITO DE MACHADO MINEIRO;700;CARLOS MAGNO DE MOURA SOARES;AVANTE;2;0176
DISTRITO DE MACHADO MINEIRO;155;ARCANJO CARLOS PIMENTA;MDB;1;0176
DISTRITO DE MOCÓ;111;MARCELO GUILHERME DE ARO FERREIRA;PP;131;0104
DISTRITO DE MOCÓ;131;MARILIA APARECIDA CAMPOS;PT;113;0104
DISTRITO DE MOCÓ;555;CARLOS ALBERTO DIAS VIANA;PSD;40;0104
DISTRITO DE MOCÓ;222;DOMINGOS SAVIO CAMPOS RESENDE;PL;24;0104
DISTRITO DE MOCÓ;500;AUREA CAROLINA DE FREITAS E SILVA;PSOL;12;0104
DISTRITO DE MOCÓ;456;AÉCIO NEVES DA CUNHA;PSDB;4;0104
DISTRITO DE MOCÓ;300;MARCO ANTÔNIO MOREIRA DA COSTA;NOVO;2;0104
DISTRITO DE MOCÓ;808;ANA LUIZA CARDOSO DE MACEDO;UP;1;0104
