municipio,uf,codigo_municipio,zona,secao,status,hash_tse,arquivo,url,caminho_local,bytes,sha256_local,erro
Cachoeira de Pajeú,MG,40533,0213,0001,Totalizado,5844344c73433035494a38434964324556645265456a6a704e6a2b4c6970623452684b39536859344645383d,o03220mg4053302130001-bu.dat,https://resultados.tse.jus.br/oficial/ele2026/arquivo-urna/3220/dados/mg/40533/0213/0001/5844344c73433035494a38434964324556645265456a6a704e6a2b4c6970623452684b39536859344645383d/o03220mg4053302130001-bu.dat,dados/raw/cachoeira_de_pajeu/boletins/0213/0001/o03220mg4053302130001-bu.dat,7191,1940560fb2e025252ddd8ef8858b45d5d2d8cba6a5f0374df98b90ff23e1287b,
Cachoeira de Pajeú,MG,40533,0213,0002,Totalizado,70636b495378412b7277392d3470745a307a6c34676979374e797349396641615a4b4e673641394b3945773d,o03220mg4053302130002-bu.dat,https://resultados.tse.jus.br/oficial/ele2026/arquivo-urna/3220/dados/mg/40533/0213/0002/70636b495378412b7277392d3470745a307a6c34676979374e797349396641615a4b4e673641394b3945773d/o03220mg4053302130002-bu.dat,dados/raw/cachoeira_de_pajeu/boletins/0213/0002/o03220mg4053302130002-bu.dat,7362,6a622b1c030f74668dfbc1601f3b2b146429b3a97d11caa5d1dac3290890d3bb,
Cachoeira de Pajeú,MG,40533,0213,0003,Totalizado,6a456f37584167684956533841774f657a3769467241347373674e353579307141674e5a616842704c6b413d,o03220mg4053302130003-bu.dat,https://resultados.tse.jus.br/oficial/ele2026/arquivo-urna/3220/dados/mg/40533/0213/0003/6a456f37584167684956533841774f657a3769467241347373674e353579307141674e5a616842704c6b413d/o03220mg4053302130003-bu.dat,dados/raw/cachoeira_de_pajeu/boletins/0213/0003/o03220mg4053302130003-bu.dat,6761,95e3b16aafd4644438c62cce9bdcf270dfa1beacf11816047fc3eeeb0acfc7e7,
Cachoeira de Pajeú,MG,40533,0213,0004,Totalizado,584c67665a7050656379384b7373674c477167737541313531664f705247463473707347774b3972366b383d,o03220mg4053302130004-bu.dat,https://resultados.tse.jus.br/oficial/ele2026/arquivo-urna/3220/dados/mg/40533/0213/0004/584c67665a7050656379384b7373674c477167737541313531664f705247463473707347774b3972366b383d/o03220mg4053302130004-bu.dat,dados/raw/cachoeira_de_pajeu/boletins/0213/0004/o03220mg4053302130004-bu.dat,7880,ef3a94ebfc3f0a7b278ac730251b36c9895901e8be419e44b4f4541584ba1413,
Cachoeira de Pajeú,MG,40533,0213,0005,Totalizado,5255786b53486577384d766a307439395a4c56523342666749546b51546e7a6635445861313655524341553d,o03220mg4053302130005-bu.dat,https://resultados.tse.jus.br/oficial/ele2026/arquivo-urna/3220/dados/mg/40533/0213/0005/5255786b53486577384d766a307439395a4c56523342666749546b51546e7a6635445861313655524341553d/o03220mg4053302130005-bu.dat,dados/raw/cachoeira_de_pajeu/boletins/0213/0005/o03220mg4053302130005-bu.dat,7702,612431ed881b5384e9e93d551a5708873065592337b1296b589d9b4ccbd8e78c,
Cachoeira de Pajeú,MG,40533,0213,0006,Totalizado,3833664a5856355a4171657a4c614a49644a2b3276506868336d667867366b7236786953725a306d4e59303d,o03220mg4053302130006-bu.dat,https://resultados.tse.jus.br/oficial/ele2026/arquivo-urna/3220/dados/mg/40533/0213/0006/3833664a5856355a4171657a4c614a49644a2b3276506868336d667867366b7236786953725a306d4e59303d/o03220mg4053302130006-bu.dat,dados/raw/cachoeira_de_pajeu/boletins/0213/0006/o03220mg4053302130006-bu.dat,8483,d67023f3f646bbffb6f3d0c3be001590f276c7d1173ea82617cfc8ed3f6d6e66,
Cachoeira de Pajeú,MG,40533,0213,0007,Totalizado,4b3258727a696e45765743394a426d54556d72674c6a78414c4a6a6a3253727077636e6e314a636a796a303d,o03220mg4053302130007-bu.dat,https://resultados.tse.jus.br/oficial/ele2026/arquivo-urna/3220/dados/mg/40533/0213/0007/4b3258727a696e45765743394a426d54556d72674c6a78414c4a6a6a3253727077636e6e314a636a796a303d/o03220mg4053302130007-bu.dat,dados/raw/cachoeira_de_pajeu/boletins/0213/0007/o03220mg4053302130007-bu.dat,7383,5206719c2e0c2bb026356b4c451425686e0f25b6b07f51eb8309e49ade90a866,
Cachoeira de Pajeú,MG,40533,0213,0008,Totalizado,2b7939315838326874757168784f634a504e79324c717145674f6e365471447051415878775a47696641493d,o03220mg4053302130008-bu.dat,https://resultados.tse.jus.br/oficial/ele2026/arquivo-urna/3220/dados/mg/40533/0213/0008/2b7939315838326874757168784f634a504e79324c717145674f6e365471447051415878775a47696641493d/o03220mg4053302130008-bu.dat,dados/raw/cachoeira_de_pajeu/boletins/0213/0008/o03220mg4053302130008-bu.dat,7802,4f34a6810bf2c5d3e4394ceebc1d5fedd03c7f872610ca4397920b9a5051bb41,
Cachoeira de Pajeú,MG,40533,0213,0009,Totalizado,4e385a456b777670422b746f466f6e36514b7348476955384632514d4131453032366d6f796861502d44733d,o03220mg4053302130009-bu.dat,https://resultados.tse.jus.br/oficial/ele2026/arquivo-urna/3220/dados/mg/40533/0213/0009/4e385a456b777670422b746f466f6e36514b7348476955384632514d4131453032366d6f796861502d44733d/o03220mg4053302130009-bu.dat,dados/raw/cachoeira_de_pajeu/boletins/0213/0009/o03220mg4053302130009-bu.dat,7364,4040d060264c66e8041f4339655165b4ba9e1fa544782bb4be2c292b52ade989,
Cachoeira de Pajeú,MG,40533,0213,0010,Totalizado,7a5666513559726a715242745576466d4a346c4b5169503878664f69683039627247774c63344f6e4b496b3d,o03220mg4053302130010-bu.dat,https://resultados.tse.jus.br/oficial/ele2026/arquivo-urna/3220/dados/mg/40533/0213/0010/7a5666513559726a715242745576466d4a346c4b5169503878664f69683039627247774c63344f6e4b496b3d/o03220mg4053302130010-bu.dat,dados/raw/cachoeira_de_pajeu/boletins/0213/0010/o03220mg4053302130010-bu.dat,8389,5aa25aaa2552f4c89282a04fc67f182021105d81302503fcacec44455f8e3e22,
Cachoeira de Pajeú,MG,40533,0213,0011,Totalizado,565130764a503448316c594f6536794455656370314d325644507578796b2d47466f2b7458362d345146593d,o03220mg4053302130011-bu.dat,https://resultados.tse.jus.br/oficial/ele2026/arquivo-urna/3220/dados/mg/40533/0213/0011/565130764a503448316c594f6536794455656370314d325644507578796b2d47466f2b7458362d345146593d/o03220mg4053302130011-bu.dat,dados/raw/cachoeira_de_pajeu/boletins/0213/0011/o03220mg4053302130011-bu.dat,7362,c5d4be29f9ddf4ca9b891ad87f2003ab2a78d5d3bf40b4fd3010537ef8195667,
Cachoeira de Pajeú,MG,40533,0213,0012,Totalizado,3133516e54535a6f6d38592b5a656f31755565382b587271436a455941466f70786c704d675047774c44453d,o03220mg4053302130012-bu.dat,https://resultados.tse.jus.br/oficial/ele2026/arquivo-urna/3220/dados/mg/40533/0213/0012/3133516e54535a6f6d38592b5a656f31755565382b587271436a455941466f70786c704d675047774c44453d/o03220mg4053302130012-bu.dat,dados/raw/cachoeira_de_pajeu/boletins/0213/0012/o03220mg4053302130012-bu.dat,6170,e5eb575e6a25bb2033324be3e95915264d880ad615757a18ffe5aa1914d40f7d,
Cachoeira de Pajeú,MG,40533,0213,0053,Totalizado,51413635466b4757754458374d36564576314d647841474c2d4431473877436a694a4f4c5851694d466c493d,o03220mg4053302130053-bu.dat,https://resultados.tse.jus.br/oficial/ele2026/arquivo-urna/3220/dados/mg/40533/0213/0053/51413635466b4757754458374d36564576314d647841474c2d4431473877436a694a4f4c5851694d466c493d/o03220mg4053302130053-bu.dat,dados/raw/cachoeira_de_pajeu/boletins/0213/0053/o03220mg4053302130053-bu.dat,8052,bb872b143f1309d9c43502e9477a0b2339e765bb8719a823cae0c793aaf7136e,
Cachoeira de Pajeú,MG,40533,0213,0055,Totalizado,30726e446c39546a52616f5135556b797345332b48356e2d7234436a34616d53566a35737a5a552b6f6b343d,o03220mg4053302130055-bu.dat,https://resultados.tse.jus.br/oficial/ele2026/arquivo-urna/3220/dados/mg/40533/0213/0055/30726e446c39546a52616f5135556b797345332b48356e2d7234436a34616d53566a35737a5a552b6f6b343d/o03220mg4053302130055-bu.dat,dados/raw/cachoeira_de_pajeu/boletins/0213/0055/o03220mg4053302130055-bu.dat,8225,c8be957f545e0339371456466a9d7a8cbc905fdc0de0b605e442e8e91651e6d1,
Cachoeira de Pajeú,MG,40533,0213,0060,Totalizado,346c4a6b723169584e48374c4d68584835333962554a75434433754f783466516552476a6c626e6f6257733d,o03220mg4053302130060-bu.dat,https://resultados.tse.jus.br/oficial/ele2026/arquivo-urna/3220/dados/mg/40533/0213/0060/346c4a6b723169584e48374c4d68584835333962554a75434433754f783466516552476a6c626e6f6257733d/o03220mg4053302130060-bu.dat,dados/raw/cachoeira_de_pajeu/boletins/0213/0060/o03220mg4053302130060-bu.dat,6955,2bd13b4054354b5a50984e9e99d32ce924407a8073d474cfb226b15e780203c0,
Cachoeira de Pajeú,MG,40533,0213,0062,Totalizado,4a56774e65635a302d796d424631426c58434d316c6f6d324f35557072654b6a306b2d4a706934674768383d,o03220mg4053302130062-bu.dat,https://resultados.tse.jus.br/oficial/ele2026/arquivo-urna/3220/dados/mg/40533/0213/0062/4a56774e65635a302d796d424631426c58434d316c6f6d324f35557072654b6a306b2d4a706934674768383d/o03220mg4053302130062-bu.dat,dados/raw/cachoeira_de_pajeu/boletins/0213/0062/o03220mg4053302130062-bu.dat,7450,8d5d6090631929e3b3b58247f5e7e334ec3388346007db18abd8dc585a2568c3,
Cachoeira de Pajeú,MG,40533,0213,0063,Totalizado,4c5a4935635636556c3137514531666b6f3574414863774b7755312b516a7667445734724f724a726d2b6f3d,o03220mg4053302130063-bu.dat,https://resultados.tse.jus.br/oficial/ele2026/arquivo-urna/3220/dados/mg/40533/0213/0063/4c5a4935635636556c3137514531666b6f3574414863774b7755312b516a7667445734724f724a726d2b6f3d/o03220mg4053302130063-bu.dat,dados/raw/cachoeira_de_pajeu/boletins/0213/0063/o03220mg4053302130063-bu.dat,6928,2075a066e0b8f4845dbfd1e14ac160ee98414f6e0ebd7d288cb001c91e0c6b27,
Cachoeira de Pajeú,MG,40533,0213,0065,Totalizado,376d4a2d716f7155395655616d424938743054537443792d586a3354613971626c51313259786f5577486f3d,o03220mg4053302130065-bu.dat,https://resultados.tse.jus.br/oficial/ele2026/arquivo-urna/3220/dados/mg/40533/0213/0065/376d4a2d716f7155395655616d424938743054537443792d586a3354613971626c51313259786f5577486f3d/o03220mg4053302130065-bu.dat,dados/raw/cachoeira_de_pajeu/boletins/0213/0065/o03220mg4053302130065-bu.dat,8391,1c7b1739840da611e2ab884cb75cffe50417f2a64f9f774ad35f5860b8d36cff,
Cachoeira de Pajeú,MG,40533,0213,0106,Totalizado,4e714738713165484d525a4b77454253734b306a7951534e5677424177754d3538536e52423167483430453d,o03220mg4053302130106-bu.dat,https://resultados.tse.jus.br/oficial/ele2026/arquivo-urna/3220/dados/mg/40533/0213/0106/4e714738713165484d525a4b77454253734b306a7951534e5677424177754d3538536e52423167483430453d/o03220mg4053302130106-bu.dat,dados/raw/cachoeira_de_pajeu/boletins/0213/0106/o03220mg4053302130106-bu.dat,7028,190d8b4e2d91d95c88b8a081c13a696533ff79b1d85c8f9168d3d3e29da2b247,
Cachoeira de Pajeú,MG,40533,0213,0119,Totalizado,56544239544473756e42615947533934374431364c35756277596b74504b6f4b4634702d726165464c4b343d,o03220mg4053302130119-bu.dat,https://resultados.tse.jus.br/oficial/ele2026/arquivo-urna/3220/dados/mg/40533/0213/0119/56544239544473756e42615947533934374431364c35756277596b74504b6f4b4634702d726165464c4b343d/o03220mg4053302130119-bu.dat,dados/raw/cachoeira_de_pajeu/boletins/0213/0119/o03220mg4053302130119-bu.dat,7878,48939b395fa8665861d4ae3b6d297f3c5b8f7d1d9db07b8921e4c0060f00a131,
Cachoeira de Pajeú,MG,40533,0213,0123,Totalizado,6776574b344a415657476171356a414d617569736654614e3873324a537a2d514c316439554b53426259343d,o03220mg4053302130123-bu.dat,https://resultados.tse.jus.br/oficial/ele2026/arquivo-urna/3220/dados/mg/40533/0213/0123/6776574b344a415657476171356a414d617569736654614e3873324a537a2d514c316439554b53426259343d/o03220mg4053302130123-bu.dat,dados/raw/cachoeira_de_pajeu/boletins/0213/0123/o03220mg4053302130123-bu.dat,8137,6210d043ed76fc4ae7a8e997660da9a4c2a7cee247ef202c352a0b16c335e336,
Cachoeira de Pajeú,MG,40533,0213,0126,Totalizado,484c6a4b366c4246727868755a6b774a50485a4637416b7a48644641534f4236716d6368565a4752414a303d,o03220mg4053302130126-bu.dat,https://resultados.tse.jus.br/oficial/ele2026/arquivo-urna/3220/dados/mg/40533/0213/0126/484c6a4b366c4246727868755a6b774a50485a4637416b7a48644641534f4236716d6368565a4752414a303d/o03220mg4053302130126-bu.dat,dados/raw/cachoeira_de_pajeu/boletins/0213/0126/o03220mg4053302130126-bu.dat,8225,cba76c6d1ea9e072051308e5edf499c34242df4f0e783ecbb4c6f62845391623,
Cachoeira de Pajeú,MG,40533,0213,0133,Totalizado,70586747617054724a587242324c4a79586f65696c69754b4e617a486b766a6675706e4c502b536c69574d3d,o03220mg4053302130133-bu.dat,https://resultados.tse.jus.br/oficial/ele2026/arquivo-urna/3220/dados/mg/40533/0213/0133/70586747617054724a587242324c4a79586f65696c69754b4e617a486b766a6675706e4c502b536c69574d3d/o03220mg4053302130133-bu.dat,dados/raw/cachoeira_de_pajeu/boletins/0213/0133/o03220mg4053302130133-bu.dat,8138,920920ec76bf0363eb2589376fb0751370989dee8383da72e9f31fe4807b3a22,
Cachoeira de Pajeú,MG,40533,0213,0136,Totalizado,4159507544614174766573744b453976574151344e58473969585a66556973744f3759512b386d513859673d,o03220mg4053302130136-bu.dat,https://resultados.tse.jus.br/oficial/ele2026/arquivo-urna/3220/dados/mg/40533/0213/0136/4159507544614174766573744b453976574151344e58473969585a66556973744f3759512b386d513859673d/o03220mg4053302130136-bu.dat,dados/raw/cachoeira_de_pajeu/boletins/0213/0136/o03220mg4053302130136-bu.dat,9093,0a815f1c16173753e6faf48068df789bf54fd9e98a9b09edc8855be8ef850a4c,
Cachoeira de Pajeú,MG,40533,0213,0141,Totalizado,6c595a7639413944323646763068696766424b6769417935695533716f38447153464231576e4d6e7264343d,o03220mg4053302130141-bu.dat,https://resultados.tse.jus.br/oficial/ele2026/arquivo-urna/3220/dados/mg/40533/0213/0141/6c595a7639413944323646763068696766424b6769417935695533716f38447153464231576e4d6e7264343d/o03220mg4053302130141-bu.dat,dados/raw/cachoeira_de_pajeu/boletins/0213/0141/o03220mg4053302130141-bu.dat,6848,993144f960a1c248f3de0a6cf355b6c95f74658c6011f3dc6946d54e41d187af,
Cachoeira de Pajeú,MG,40533,0213,0142,Totalizado,67622b773435676a76496b7547562b664b4d4449342d69303872507666694b6c6678627639544a6332506b3d,o03220mg4053302130142-bu.dat,https://resultados.tse.jus.br/oficial/ele2026/arquivo-urna/3220/dados/mg/40533/0213/0142/67622b773435676a76496b7547562b664b4d4449342d69303872507666694b6c6678627639544a6332506b3d/o03220mg4053302130142-bu.dat,dados/raw/cachoeira_de_pajeu/boletins/0213/0142/o03220mg4053302130142-bu.dat,6508,6998b7a76e3cf23df20577637fc670bb5f648441f8c41b12184873579aefa757,
Cachoeira de Pajeú,MG,40533,0213,0152,Totalizado,5262657365497354373557436a6c755667366e3264675a5a556870346952532b68526c677a2d697a4f6d6b3d,o03220mg4053302130152-bu.dat,https://resultados.tse.jus.br/oficial/ele2026/arquivo-urna/3220/dados/mg/40533/0213/0152/5262657365497354373557436a6c755667366e3264675a5a556870346952532b68526c677a2d697a4f6d6b3d/o03220mg4053302130152-bu.dat,dados/raw/cachoeira_de_pajeu/boletins/0213/0152/o03220mg4053302130152-bu.dat,5741,6d483fbf9d060864445193b951e437089b1e6aa3c81c7441d0c1a8a3d4e84d89,
Cachoeira de Pajeú,MG,40533,0213,0172,Totalizado,76767845535a68396e52524a6a306955505a39675a6e62643742517736566a726d42645a586747484970453d,o03220mg4053302130172-bu.dat,https://resultados.tse.jus.br/oficial/ele2026/arquivo-urna/3220/dados/mg/40533/0213/0172/76767845535a68396e52524a6a306955505a39675a6e62643742517736566a726d42645a586747484970453d/o03220mg4053302130172-bu.dat,dados/raw/cachoeira_de_pajeu/boletins/0213/0172/o03220mg4053302130172-bu.dat,6951,2c5ecf65ca92b05cb3e8afe0f35837f9961e3d286e27a18b288a541abd6d8383,
Cachoeira de Pajeú,MG,40533,0213,0173,Totalizado,5a453969455a7558504f5134746462586739464e4937736e386c495249694e36385a504b30694b325250343d,o03220mg4053302130173-bu.dat,https://resultados.tse.jus.br/oficial/ele2026/arquivo-urna/3220/dados/mg/40533/0213/0173/5a453969455a7558504f5134746462586739464e4937736e386c495249694e36385a504b30694b325250343d/o03220mg4053302130173-bu.dat,dados/raw/cachoeira_de_pajeu/boletins/0213/0173/o03220mg4053302130173-bu.dat,8998,7fcb47f8e1c6dc4b7ae10f15b31128cc7ce57271a213558595e561f7ae7c4dc4,
Cachoeira de Pajeú,MG,40533,0213,0177,Totalizado,4964474969435538414d637a555672786a554b497447767a6574504f374e526e2b426a5a514d53514a63493d,o03220mg4053302130177-bu.dat,https://resultados.tse.jus.br/oficial/ele2026/arquivo-urna/3220/dados/mg/40533/0213/0177/4964474969435538414d637a555672786a554b497447767a6574504f374e526e2b426a5a514d53514a63493d/o03220mg4053302130177-bu.dat,dados/raw/cachoeira_de_pajeu/boletins/0213/0177/o03220mg4053302130177-bu.dat,5730,ddd18dad1840107dd2c105454aa2a062c9119f64d7e52b8c935f3294b3e6aa95,
